feedback_id,persona,subscription_type,platform,rating,feature_area,feedback_text,sentiment
FB001,P1-Fundamental Analyst,Pro,Web,4,Stock Screener,"The 200+ filter screener is genuinely one of the best in the Indian market. I can build custom screens around ROCE > 20%, debt-to-equity < 0.5, and promoter holding > 50% with ease. It saves me hours every weekend.",Positive
FB002,P1-Fundamental Analyst,Pro,Web,3,Data Quality,"The financial data for most large-caps is accurate and timely. But for small-cap and micro-cap stocks, I've noticed balance sheet numbers that don't match BSE filings. Had one case where FY23 revenue was wrong by 20%. This needs fixing urgently.",Negative
FB003,P1-Fundamental Analyst,Free,Android,2,Pricing & Paywall,"Basic financial ratios like 10-year ROE history are locked behind Pro. For a research tool targeting serious investors, this feels too aggressive. Even Screener.in gives more historical data on the free tier.",Negative
FB004,P1-Fundamental Analyst,Pro,Web,5,Stock Screener,The pre-built screens like 'Consistent Compounders' and 'High ROCE Low Debt' are excellent starting points. I tweak them with my own filters and it becomes a powerful discovery engine.,Positive
FB005,P1-Fundamental Analyst,Pro,Android,3,Data Quality,"Quarterly results sometimes take 2-3 days to reflect after the company announces on exchanges. During earnings season, this is frustrating. A competitor updates within hours. Please fix this lag.",Negative
FB006,P1-Fundamental Analyst,Pro,Web,4,Stock Screener,I love that I can export screener results to Excel. The Pro export is clean and well-structured. Wish the free plan allowed at least limited exports.,Positive
FB007,P1-Fundamental Analyst,Pro,iOS,4,Data Quality,Peer comparison tables are very useful for sector-level analysis. I compare 8-10 companies in the same industry at once. Data is generally accurate for NSE-listed entities.,Positive
FB008,P1-Fundamental Analyst,Free,Web,2,Pricing & Paywall,The paywall pops up even when I'm browsing a basic stock page. Trying to view a simple 5-year EPS trend and it asks me to subscribe. This is annoying for casual research.,Negative
FB009,P1-Fundamental Analyst,Pro,Web,5,Stock Screener,Custom screener formulas with nested conditions are a game changer. I built a screen combining Altman Z-score proxies and it's been incredibly useful. Best screener for fundamental investors in India.,Positive
FB010,P1-Fundamental Analyst,Pro,Web,3,Data Quality,The promoter pledging data shows a delay. I found a stock where pledging had gone to 60% but Tickertape still showed the old number. This is critical data and it needs to be real-time.,Negative
FB011,P1-Fundamental Analyst,Pro,Android,4,UI/UX,The stock page layout is clean and logically structured — from overview to financials to shareholding. It flows naturally for a research workflow. Minor complaint: font size on mobile could be larger for number-heavy tables.,Mixed
FB012,P1-Fundamental Analyst,Free,Web,3,Stock Screener,"Free screener is decent for basic filtering but you hit paywalls very quickly. I understand it's a business, but 3 saves should be allowed on the free plan instead of zero.",Mixed
FB013,P1-Fundamental Analyst,Pro,Web,4,Stock Screener,"The screener history and saved screens persist across devices, which is very convenient. I start a research session on desktop and continue on mobile without losing my filters.",Positive
FB014,P1-Fundamental Analyst,Pro,iOS,2,Data Quality,Found that for one mid-cap company the net profit margin was showing incorrect values for two consecutive quarters. Filed a report through the app but got no response. Data errors on a paid plan are unacceptable.,Negative
FB015,P1-Fundamental Analyst,Pro,Web,5,Stock Screener,"The ability to screen by management quality proxies — like consistent dividend payout, no share dilution, low capital WIP — is something I haven't found anywhere else in India. Tickertape Pro is worth the subscription for this alone.",Positive
FB016,P1-Fundamental Analyst,Free,Android,3,UI/UX,"Good interface overall but the mobile app screener is not as powerful as the web. On mobile, I can't see all active filters at a glance. Need a filter summary panel on the screener mobile view.",Mixed
FB017,P1-Fundamental Analyst,Pro,Web,4,Data Quality,"The historical financial data goes back 10+ years for most large caps, which is great for long-term trend analysis. Only issue is that the data for a few SME IPO companies is missing or incomplete.",Mixed
FB018,P1-Fundamental Analyst,Pro,Web,3,Stock Screener,"The screener is powerful but filters can't be drag-and-drop reordered. Once I've set 12 filters, going back to change priority requires deleting and re-adding. This is a basic UX issue that should have been fixed long ago.",Negative
FB019,P1-Fundamental Analyst,Pro,Web,4,Market Data & MMI,The Market Mood Index is a genuinely useful sentiment gauge. I use it as a contrarian signal — when it hits Extreme Greed I get cautious. Nice that it shows historical MMI overlaid with Nifty.,Positive
FB020,P1-Fundamental Analyst,Free,Web,1,Pricing & Paywall,The 14-day trial requiring credit card authorization felt like a dark pattern. I entered my card details and was charged on day 15 with zero reminder. Had to dispute with my bank. Please send a reminder before charging.,Negative
FB021,P1-Fundamental Analyst,Pro,Web,4,Stock Screener,Ability to combine technical and fundamental filters in the same screen is underrated. I can find stocks with good fundamentals AND currently in an RSI oversold zone. This cross-filter capability is excellent.,Positive
FB022,P1-Fundamental Analyst,Pro,Android,3,Alerts & Notifications,"Price alerts work fine, but I want alerts triggered by fundamental events — like when quarterly PAT growth drops below 10%, or when debt-to-equity crosses a threshold. That would be a power feature.",Mixed
FB023,P1-Fundamental Analyst,Pro,Web,5,Stock Screener,"I've been using Screener.in and Trendlyne for years. Tickertape Pro now genuinely competes, especially for visual presentation and mobile experience. The screener is the strongest part of the product.",Positive
FB024,P1-Fundamental Analyst,Pro,iOS,3,Data Quality,Cash flow statement data is sometimes inconsistent — operating cash flow totals don't always reconcile with line items. Minor accounting display bug but it confuses me when I'm building DCF models.,Negative
FB025,P1-Fundamental Analyst,Pro,Web,4,Stock Screener,"The analyst consensus data — buy/hold/sell ratios and price targets — is a useful addition, especially for cross-checking my own thesis. Tickertape seems to aggregate multiple analyst views which adds reliability.",Positive
FB026,P1-Fundamental Analyst,Pro,Web,2,Customer Support,"Wrote to support about a data discrepancy in FII holding percentages. Got an auto-reply and then silence for 10 days. For a paid subscriber, the support response time is simply not acceptable.",Negative
FB027,P1-Fundamental Analyst,Free,Web,3,UI/UX,"The stock discovery page is a bit cluttered with too many feature cards. I want a clean, fast way to reach the stock financials page without scrolling through marketing content.",Negative
FB028,P1-Fundamental Analyst,Pro,Web,4,Data Quality,"Corporate actions data — rights issues, bonus, splits, buybacks — is well-maintained and reflects accurately in the charts. This is critical for long-term performance tracking.",Positive
FB029,P1-Fundamental Analyst,Pro,iOS,3,Charts & Technical Analysis,"For fundamental investors, the charts are adequate. But there are no annotations, no ability to mark key events on price charts. If I could mark earnings dates or news events on the chart, that would be very helpful.",Mixed
FB030,P1-Fundamental Analyst,Pro,Web,4,Stock Screener,Shareholding pattern history with quarter-on-quarter FII/DII change is excellent. I can quickly spot when smart money is quietly exiting a stock.,Positive
FB031,P2-Beginner Investor,Free,Android,5,UI/UX,I just started investing last year and Tickertape has been my go-to app. The interface is clean and doesn't overwhelm me. The Investment Scorecard gives me a quick sense of whether a stock is good without needing to read financial statements.,Positive
FB032,P2-Beginner Investor,Free,Android,2,Pricing & Paywall,"Every time I try to dig deeper into a stock I hit a paywall. I understand the premium model, but even basic things like 5-year EPS growth or debt history should be visible to free users. Other apps give more for free.",Negative
FB033,P2-Beginner Investor,Free,iOS,4,Onboarding,The onboarding was really smooth. Setting up my watchlist and linking my Groww account took less than 5 minutes. I could see all my holdings on Tickertape right away. Very beginner-friendly.,Positive
FB034,P2-Beginner Investor,Free,Android,3,UI/UX,The app is visually nice but some financial terms are not explained. When I see ROCE or EV/EBITDA I don't know what it means. Screener.in has tooltips that explain each metric. Tickertape should add this too.,Mixed
FB035,P2-Beginner Investor,Free,Android,5,Market Data & MMI,"The Market Mood Index is my favorite feature. Before I invest, I check if the market is in Fear or Greed territory. It's such a simple but powerful concept presented beautifully. Love it.",Positive
FB036,P2-Beginner Investor,Free,iOS,2,Pricing & Paywall,"Downloaded the app to learn about stocks. Within 10 minutes, I was hit with upsell banners everywhere. I felt like I was on a sales website, not a learning tool. Would have preferred a less pushy experience.",Negative
FB037,P2-Beginner Investor,Pro,Android,4,Onboarding,The curated portfolios from SEBI-registered advisors are very helpful for beginners like me. I used them as templates to build my first portfolio. Clear rationale for each stock picks.,Positive
FB038,P2-Beginner Investor,Free,Android,3,UI/UX,"The app is good but the home screen feels like there's too much happening. As a new investor, I don't need 10 different cards. A simplified beginner mode would help a lot.",Mixed
FB039,P2-Beginner Investor,Free,Android,1,Customer Support,"I had a question about how portfolio analysis works and tried to reach support. No chat support, only email. Waited 4 days for a reply. For a beginner needing quick answers, this is very frustrating.",Negative
FB040,P2-Beginner Investor,Free,iOS,5,Stock Screener,"The pre-built screens are perfect for beginners. 'Consistent Compounders', 'Dividend Aristocrats', 'High Growth Stocks' — these gave me great ideas when I didn't know where to start.",Positive
FB041,P2-Beginner Investor,Free,Android,2,Pricing & Paywall,I signed up for the 14-day free trial and got charged on day 15 with no prior notification. I didn't realize I had authorized recurring payment. The app should send a reminder 2-3 days before the trial ends.,Negative
FB042,P2-Beginner Investor,Free,Android,4,UI/UX,Love how stock news is curated on the stock page itself. I can read relevant news without jumping to Google. Makes research much more self-contained for a beginner.,Positive
FB043,P2-Beginner Investor,Pro,Android,3,Stock Screener,Upgraded to Pro thinking I'd understand the screener better. But the screener still feels complex. Need more beginner-friendly templates and maybe a guided 'build your first screen' tutorial flow.,Mixed
FB044,P2-Beginner Investor,Free,Android,4,Market Data & MMI,The explanation of MMI categories — Extreme Fear to Extreme Greed — is very educational. I learned what these mean just by reading the descriptions in the app. Great approach to financial literacy.,Positive
FB045,P2-Beginner Investor,Free,iOS,3,UI/UX,The stock comparison feature is useful but limited to 3 stocks. When I'm comparing sector peers I often need to compare 5-6 companies at once. Please allow at least 5.,Mixed
FB046,P2-Beginner Investor,Free,Android,5,UI/UX,"Best-looking investment research app in India. The charts, color coding, and cards are beautifully designed. Even my non-investing friends find it easy to use.",Positive
FB047,P2-Beginner Investor,Free,Android,2,Data Quality,I was researching a stock and the description on the company page was completely outdated — it said the company operated in a segment it had divested 2 years ago. Basic company profile data needs regular auditing.,Negative
FB048,P2-Beginner Investor,Pro,Android,4,Portfolio Tracker,The portfolio health check flagging red flags in my holdings is excellent. It highlighted that I was overexposed to one sector and had overlapping stocks. Very valuable for a beginner building their first portfolio.,Positive
FB049,P2-Beginner Investor,Free,iOS,3,Alerts & Notifications,Price alerts are useful but I want an alert type that says 'this stock entered your custom screener criteria.' That would be incredibly useful for passive investors who don't check the app every day.,Mixed
FB050,P2-Beginner Investor,Free,Android,1,Broker Integration,"Tried to link my Angel One account. The sync kept failing. Unlinked and re-linked three times. Finally gave up. If the core portfolio sync doesn't work, the whole app feels useless.",Negative
FB051,P2-Beginner Investor,Free,iOS,4,UI/UX,"The SIP calculator on mutual fund pages is simple and effective. I could quickly see what a ₹5,000 monthly SIP would grow to over 15 years. Helped me visualize my retirement goal.",Positive
FB052,P2-Beginner Investor,Free,Android,3,UI/UX,Would love a learning section inside the app — short videos or articles explaining financial ratios and how to use the screener. Right now I have to go to YouTube to understand what I'm looking at.,Mixed
FB053,P2-Beginner Investor,Pro,Android,4,Stock Screener,"The Investment Checklist on each stock — scoring profitability, valuation, entry point, and growth — is brilliant for someone like me who is still learning. It gives me a structured way to evaluate a stock.",Positive
FB054,P2-Beginner Investor,Free,Android,2,UI/UX,The app crashes every time I try to open a mutual fund page on my Samsung A32. Checked and the app is updated. This happens consistently. Please fix the stability issue on mid-range Android devices.,Negative
FB055,P2-Beginner Investor,Free,iOS,5,Onboarding,"Tickertape was the first investing app that didn't feel intimidating to me. The clean design, simple language, and well-organized information made me feel like I could actually understand the stock market.",Positive
FB056,P2-Beginner Investor,Free,Android,3,Pricing & Paywall,"The free tier is good for browsing but you can't save watchlists beyond a limit without Pro. I'd be okay paying a small fee if the limit was higher, but the current free cap is too restrictive.",Mixed
FB057,P2-Beginner Investor,Free,Android,4,Market Data & MMI,The 'Bulk Deals' section is something I'd never seen explained clearly before. Tickertape makes it easy to see who is buying large quantities and when. Very educational feature.,Positive
FB058,P2-Beginner Investor,Free,Android,2,UI/UX,Search on the app is inconsistent. Searching for a company by its short name or brand name often returns nothing. I have to type the exact registered company name to find it. This needs improvement.,Negative
FB059,P2-Beginner Investor,Free,iOS,4,UI/UX,The color-coded score cards for stocks make it very easy to quickly gauge quality. Green/yellow/red at a glance is intuitive for someone who doesn't want to read 50 metrics.,Positive
FB060,P2-Beginner Investor,Pro,Android,3,Portfolio Tracker,The diversification score is interesting but I don't always understand how it's calculated. A breakdown showing what's pulling the score down would make this feature much more actionable.,Mixed
FB061,P3-Active Trader,Pro,Android,2,Charts & Technical Analysis,"Tickertape is not for active traders. The charts are way too basic compared to TradingView. No multi-timeframe analysis, no ability to draw trend lines or Fibonacci levels. I use it only for fundamental screening.",Negative
FB062,P3-Active Trader,Pro,Android,3,Data Quality,"On the free plan, stock prices are delayed by 15 minutes. For a swing trader trying to time entries and exits, this is essentially useless. Even with Pro, I'm not sure the data is truly real-time.",Negative
FB063,P3-Active Trader,Pro,Web,3,Charts & Technical Analysis,"The RSI and SMA indicators in the screener are useful for scanning. But the chart itself doesn't support adding custom indicators. I want MACD, Bollinger Bands, Volume Profile — none of these are available.",Negative
FB064,P3-Active Trader,Free,Android,4,Stock Screener,"For swing traders, the RSI < 30 screen is a good entry point discovery tool. I use it to generate a watchlist of oversold stocks and then use TradingView for detailed chart analysis. Good for pre-screening.",Mixed
FB065,P3-Active Trader,Pro,Web,2,Charts & Technical Analysis,"The chart interface lags during market hours. Price candles take 3-5 seconds to update. For intraday or swing trading, this lag is unacceptable. TradingView handles real-time charts much better.",Negative
FB066,P3-Active Trader,Pro,Android,4,Stock Screener,The combination of technical screener filters with fundamentals is where Tickertape shines for traders. I can find stocks that are technically oversold but have strong balance sheets — that's a unique edge.,Positive
FB067,P3-Active Trader,Free,Android,3,Market Data & MMI,"MMI is a useful macro sentiment tool. I use it to decide whether to be aggressive or defensive in my swing trades. Works as a good 30,000-foot sentiment check.",Mixed
FB068,P3-Active Trader,Pro,Web,1,Charts & Technical Analysis,"As an active trader, Tickertape's charting module is a major disappointment. No drawing tools, no alert on technical indicator conditions, no option chain data. This is analysis software, not trading software.",Negative
FB069,P3-Active Trader,Pro,Android,3,Alerts & Notifications,"Price alerts are useful but too simplistic. I want alerts when a stock crosses a moving average, or when volume spikes above average. These are basic features that any trading-focused app should have.",Negative
FB070,P3-Active Trader,Pro,Web,4,Stock Screener,The ability to screen stocks using EMA crossovers is a genuinely useful trading filter. Not many platforms offer this in a screener format. Tickertape gets credit for thinking about trader use cases.,Positive
FB071,P3-Active Trader,Free,Android,2,Data Quality,Looked up a stock during the trading session and the volume data on Tickertape was showing yesterday's figure. This is embarrassing for a market data app. Data freshness needs to be addressed urgently.,Negative
FB072,P3-Active Trader,Pro,Web,3,UI/UX,Switching between stocks in the screener results is slow. There's too much page reload every time I click a stock. I want a slide-in panel or split-screen view to compare multiple screener results without losing context.,Negative
FB073,P3-Active Trader,Pro,iOS,4,Stock Screener,The 52-week high/low screens and momentum screens are good for identifying breakout candidates. I use these as input for my weekly watchlist alongside TradingView charts.,Positive
FB074,P3-Active Trader,Free,Android,1,Charts & Technical Analysis,Tried to use Tickertape for intraday analysis. The charts don't even support 5-minute candles. Minimum is daily. This is not suitable for any kind of active trading. Clear gap in the product.,Negative
FB075,P3-Active Trader,Pro,Web,3,Data Quality,"Delivery percentage data is not reliably updated. For swing trading, delivery % is a critical signal and it often shows blank or stale data. This gap makes me rely on NSE website directly.",Negative
FB076,P3-Active Trader,Pro,Android,4,Stock Screener,FII/DII activity data in the screener is very useful. I built a screen that flags stocks with increasing FII holding over 3 consecutive quarters — excellent for identifying institutional accumulation.,Positive
FB077,P3-Active Trader,Pro,iOS,3,Broker Integration,The one-click buy from screener results via Zerodha integration is useful but the execution flow is clunky. Takes too many taps. Should be max 2 taps from screener to order confirmation.,Mixed
FB078,P3-Active Trader,Pro,Web,2,Performance/Speed,"The app slows down significantly between 9:15 AM and 11 AM, exactly when I need it most. Loading a stock page can take 8-10 seconds during market open. This is a real problem for time-sensitive decisions.",Negative
FB079,P3-Active Trader,Free,Android,3,Charts & Technical Analysis,"Tickertape is a research tool, not a trading terminal. Once I understood that, I started using it appropriately. For quick fundamental checks before entering a trade, it's good. But chart-based trading — use TradingView.",Mixed
FB080,P3-Active Trader,Pro,Web,4,Stock Screener,The bulk deals screener is gold for traders. I track institutional block deals to see where smart money is moving. The filters and historic data are well-maintained for this feature.,Positive
FB081,P3-Active Trader,Pro,Android,2,Alerts & Notifications,Alert notifications are delayed. I set an alert for a price level and got the notification 12 minutes after the stock had already crossed it. An alert that arrives late is useless for any active trading context.,Negative
FB082,P3-Active Trader,Free,Web,3,Market Data & MMI,Would love if MMI had sector-level sentiment indices — not just the overall market. Knowing that IT sector sentiment is in fear while FMCG is in greed would be very actionable.,Mixed
FB083,P3-Active Trader,Pro,Web,4,Stock Screener,The volume anomaly screener — stocks with unusual volume spikes — is a great addition. Volume is often the first signal of institutional activity and having this built into a screener is very useful.,Positive
FB084,P3-Active Trader,Pro,Android,3,Data Quality,"Options chain data is missing entirely. As someone who trades options alongside equities, I'd love to see options OI, PCR, and max pain data on Tickertape. That would make it a one-stop shop.",Negative
FB085,P3-Active Trader,Pro,iOS,4,UI/UX,The watchlist widget for the home screen is very handy. I can glance at my tracked stocks without opening the full app. Response time could be faster but the design is clean and functional.,Mixed
FB086,P3-Active Trader,Free,Android,2,Charts & Technical Analysis,"For a platform called Ticker-Tape, the charts are ironically the weakest part. No intraday, no drawing tools, no custom indicators. The name suggests real-time data but the reality is far from it.",Negative
FB087,P4-MF/SIP Investor,Free,Android,5,MF Screener,"The mutual fund screener is the best I've used in India. I can filter by Sharpe ratio, alpha, expense ratio, fund manager tenure, AUM all at once. It took me 10 minutes to build my 3-fund portfolio from scratch.",Positive
FB088,P4-MF/SIP Investor,Free,Android,3,MF Screener,"The MF screener doesn't have a 'Modified Duration' filter for debt funds. For someone investing in duration funds, this is a critical gap. Screener.in has it, Tickertape doesn't. Please add it.",Negative
FB089,P4-MF/SIP Investor,Pro,Android,4,Portfolio Tracker,"Tracking all my SIPs across Zerodha Coin, Groww, and MFCentral in one view is extremely convenient. The unified portfolio view with XIRR calculation across all SIPs is very helpful.",Positive
FB090,P4-MF/SIP Investor,Free,Android,2,MF Screener,"The MF screener is good but fund overlap analysis is behind a paywall. Understanding how much my three equity funds overlap in holdings is a fundamental research need, not a premium luxury.",Negative
FB091,P4-MF/SIP Investor,Free,iOS,5,MF Screener,Finally an app that shows rolling returns instead of just trailing returns for mutual funds. Point-to-point returns are misleading and Tickertape's rolling return charts give a much more honest picture.,Positive
FB092,P4-MF/SIP Investor,Pro,Android,3,Data Quality,"The NAV data is updated daily, which is fine for mutual funds. But when I'm trying to calculate my actual XIRR, the transaction import from CAMS is sometimes incomplete or missing a few months.",Negative
FB093,P4-MF/SIP Investor,Free,iOS,4,MF Screener,The fund manager history and AMC profile section is very underrated. I check how a fund manager has performed across different tenures and market cycles before investing. Great research depth.,Positive
FB094,P4-MF/SIP Investor,Free,Android,3,UI/UX,The SIP calculator is good but lacks a step-up SIP option. Most systematic investors increase their SIP by 10% each year and the absence of this simple feature in the calculator feels like an oversight.,Mixed
FB095,P4-MF/SIP Investor,Pro,Android,4,Portfolio Tracker,The portfolio overlap checker is excellent. Found that my large-cap and flexi-cap funds had 65% overlap. Immediately adjusted my allocation. This feature alone justifies the Pro subscription.,Positive
FB096,P4-MF/SIP Investor,Free,Android,2,MF Screener,"Debt fund analysis is much weaker than equity fund analysis. Credit quality breakdown, YTM, maturity profile — some of these are missing or not clearly displayed. Debt investors are underserved here.",Negative
FB097,P4-MF/SIP Investor,Free,iOS,5,MF Screener,The exit load and lock-in period information is clearly displayed on every fund page. This is important for planning redemptions and I'm glad it's visible without needing Pro.,Positive
FB098,P4-MF/SIP Investor,Pro,Android,4,MF Screener,The direct vs regular plan comparison is useful for understanding how much I'm losing to distributor commissions. The cost difference visualization over 10-20 years is eye-opening.,Positive
FB099,P4-MF/SIP Investor,Free,Android,3,MF Screener,Category-level comparison is limited. I want to see the top 10 funds in ELSS sorted by 5-year alpha with expense ratio overlay. The current filtering is functional but not as granular as I'd like.,Mixed
FB100,P4-MF/SIP Investor,Pro,iOS,4,Portfolio Tracker,"I love the goal-based tracking feature. I've mapped each SIP to a life goal — retirement, child education, house down payment — and the projected corpus calculator keeps me motivated.",Positive
FB101,P4-MF/SIP Investor,Free,Android,1,Broker Integration,The CAMS import for mutual fund portfolios doesn't work half the time. I spent 30 minutes trying to import my 8-year SIP history and it kept timing out. This is the most critical feature for MF investors and it needs to be robust.,Negative
FB102,P4-MF/SIP Investor,Pro,Android,5,MF Screener,"I track NFOs here and the new fund offer section with AMC details, fund manager background, and category benchmarking helps me decide whether an NFO is worth investing in. Very practical tool.",Positive
FB103,P4-MF/SIP Investor,Free,iOS,3,MF Screener,"International fund analysis is weak. I invest in global funds and the underlying holdings, geographical exposure, and currency risk sections are either absent or very shallow for international MFs.",Mixed
FB104,P4-MF/SIP Investor,Pro,Android,4,MF Screener,The ability to filter mutual funds by sectoral allocation is very handy. I wanted exposure to manufacturing-themed funds and could quickly find all funds with high manufacturing sector weights.,Positive
FB105,P4-MF/SIP Investor,Free,Android,3,UI/UX,"The mutual fund page is well-organized but I wish there was a one-tap 'Start SIP' button that took me directly to my preferred platform. Right now, I have to leave Tickertape and open Coin or Groww separately.",Mixed
FB106,P4-MF/SIP Investor,Pro,Android,4,Portfolio Tracker,The XIRR vs category average comparison tells me whether my fund selection is actually beating passive alternatives. This is a sophisticated metric that most apps don't show. Very glad Tickertape has it.,Positive
FB107,P4-MF/SIP Investor,Free,iOS,2,MF Screener,"The free MF screener is so limited that it's basically unusable for serious MF research. You can filter by category and returns, and that's about it. Every meaningful metric like Sortino ratio or max drawdown is Pro-only.",Negative
FB108,P4-MF/SIP Investor,Pro,Android,3,Data Quality,A few of my SIPs don't show up in the portfolio section despite being linked from CAMS. This missing data throws off my overall portfolio analysis. It's been a persistent bug for 3 months.,Negative
FB109,P4-MF/SIP Investor,Free,Android,5,MF Screener,The expert opinion section on each MF — curated views from registered advisors — is very helpful for someone who doesn't want to go deep into the numbers. Helps me sanity-check my picks.,Positive
FB110,P4-MF/SIP Investor,Pro,iOS,4,MF Screener,"Tax efficiency analysis for mutual funds — showing LTCG, STCG implications based on holding period — is a feature I haven't seen well-implemented elsewhere. Tickertape's tax overlay on returns is genuinely useful.",Positive
FB111,P4-MF/SIP Investor,Free,Android,2,Pricing & Paywall,"I came to Tickertape specifically for MF research and found that most useful filters are behind Pro. Screener.in gives more free MF data. For casual MF investors, the free tier is just not good enough.",Negative
FB112,P4-MF/SIP Investor,Pro,Android,4,MF Screener,The Consistent Performers screen for mutual funds — filtering funds with above-benchmark performance across multiple time periods — is a great shortcut for finding reliable long-term performers.,Positive
FB113,P5-Portfolio Tracker,Pro,Android,4,Portfolio Tracker,"The multi-broker portfolio sync is the main reason I use Tickertape. I have accounts with Zerodha, Upstox, and HDFC Securities. Seeing all of them in one consolidated view with sector-level breakdowns is excellent.",Positive
FB114,P5-Portfolio Tracker,Free,Android,2,Broker Integration,"My Motilal Oswal account doesn't sync with Tickertape. It's been listed as a supported broker for months but every time I try to link it, I get an authentication error. Support has been unhelpful.",Negative
FB115,P5-Portfolio Tracker,Pro,iOS,4,Portfolio Tracker,"The diversification score methodology is well-explained. I can see my portfolio broken down by market cap, sector, theme, and asset class. It's helped me identify that I'm too concentrated in mid-caps.",Positive
FB116,P5-Portfolio Tracker,Pro,Android,3,Portfolio Tracker,"Portfolio sync is not real-time. Holdings update only once a day. If I buy a stock in the morning, it doesn't reflect in my Tickertape portfolio until the next day. This needs to be more frequent.",Negative
FB117,P5-Portfolio Tracker,Pro,Web,5,Portfolio Tracker,"The red flags feature is genuinely impressive. It proactively flagged that one of my holdings had declining promoter holding, rising pledging, and poor audit observations. That combination of warnings was very timely.",Positive
FB118,P5-Portfolio Tracker,Pro,Android,3,Broker Integration,"The Zerodha integration works well but after every Kite update, the linkage breaks and I have to re-authenticate. This is annoying. The integration should be more resilient to broker app updates.",Negative
FB119,P5-Portfolio Tracker,Pro,iOS,4,Portfolio Tracker,The realized P&L and unrealized P&L breakdown is useful for tax planning. Seeing how much STCG vs LTCG I've accumulated before March helps me decide whether to book losses before year-end.,Positive
FB120,P5-Portfolio Tracker,Pro,Android,2,Broker Integration,"The Upstox sync was completely broken for two weeks. I filed a support ticket and got a response after 7 days saying they were working on it. In the meantime, my portfolio analysis was entirely off. Very poor for a pro subscriber.",Negative
FB121,P5-Portfolio Tracker,Pro,Web,4,Portfolio Tracker,The peer comparison within my own portfolio is clever. I can see how my individual stock picks are performing vs their sector index. Helps me identify which bets have been right and which have lagged.,Positive
FB122,P5-Portfolio Tracker,Pro,Android,3,Portfolio Tracker,"Manual addition of holdings not linked via brokers is a bit clunky. Adding pre-IPO shares, unlisted stocks, or RSUs manually requires too many steps. A simpler manual entry flow would help.",Mixed
FB123,P5-Portfolio Tracker,Pro,iOS,5,Portfolio Tracker,"The portfolio overlap analysis between my stocks and the mutual funds I hold is a killer feature. Found that my direct equity bets had 70% overlap with my flexi-cap fund, making the fund redundant.",Positive
FB124,P5-Portfolio Tracker,Free,Android,2,Pricing & Paywall,"Portfolio analysis beyond basic P&L is entirely locked behind Pro. Even the sector allocation pie chart is paywalled on the free tier. Without this, the portfolio tracker is just a basic P&L viewer.",Negative
FB125,P5-Portfolio Tracker,Pro,Web,4,Portfolio Tracker,The 'compare with Nifty 500' benchmark comparison for my portfolio CAGR is very useful. It gives me an honest answer to whether my stock picking is adding value or if I'd be better off in an index fund.,Positive
FB126,P5-Portfolio Tracker,Pro,Android,3,Broker Integration,ICICI Direct integration works but it only pulls equity holdings. My ICICI FDs and bonds are not reflected. A truly consolidated net worth view needs to include all asset types.,Mixed
FB127,P5-Portfolio Tracker,Pro,iOS,4,Portfolio Tracker,"The corporate actions alert — informing me when a stock in my portfolio announces dividend, bonus, or buyback — is a very useful feature. Saves me from missing important events.",Positive
FB128,P5-Portfolio Tracker,Pro,Android,2,Portfolio Tracker,The portfolio performance calculation is wrong for stocks where I've done partial sell-offs. The XIRR gets incorrectly computed when there are multiple buy and sell transactions. This is a serious calculation bug.,Negative
FB129,P5-Portfolio Tracker,Pro,Web,5,Portfolio Tracker,"I track 4 family members' portfolios on one account using different watchlists mapped to each person. While this is a workaround, the multi-watchlist feature is flexible enough to support this use case.",Positive
FB130,P5-Portfolio Tracker,Pro,Android,3,Portfolio Tracker,The risk assessment feature is useful in concept but the methodology isn't transparent. I don't know how Tickertape defines 'high risk' for a stock. A scoring methodology document would build confidence.,Mixed
FB131,P5-Portfolio Tracker,Pro,iOS,4,Portfolio Tracker,"Getting a single-screen view of my equity, MF, gold, and FD holdings is very convenient. The net worth widget on the home screen showing total invested value with day's change is clean and satisfying.",Positive
FB132,P5-Portfolio Tracker,Free,Android,3,Broker Integration,Not all brokers are equally well-supported. My Kotak Securities account takes almost 24 hours to sync while my Zerodha syncs within hours. The consistency of sync speed across brokers needs improvement.,Mixed
FB133,P5-Portfolio Tracker,Pro,Web,4,Portfolio Tracker,"The ability to tag my investments by goal — retirement, house, car — and track goal-wise progress is a feature I didn't know I needed until I used it. Now it's central to my financial planning.",Positive
FB134,P5-Portfolio Tracker,Pro,Android,2,Broker Integration,"After a recent Tickertape update, my Groww portfolio sync stopped working. The holdings showed as zero. Took 3 days of back-and-forth with support to fix. Such regressions should not happen on a paid product.",Negative
FB135,P5-Portfolio Tracker,Pro,iOS,4,Portfolio Tracker,The tax harvesting suggestions — identifying which holdings are currently at a short-term loss that I could book to offset STCG — is a very practical feature for tax-savvy investors.,Positive
FB136,P5-Portfolio Tracker,Pro,Android,3,Performance/Speed,"The portfolio page takes 15-20 seconds to fully load with 30+ stocks and mutual funds. Compared to the Kite app which loads near-instantly, this is noticeably slow. Caching and lazy loading need to be implemented.",Negative
FB137,P5-Portfolio Tracker,Pro,Web,4,Portfolio Tracker,I appreciate the downloadable portfolio report as a PDF. I use it for my annual financial review and share it with my financial advisor. Clean formatting and comprehensive data.,Positive
FB138,P6-US Market Investor,Pro,iOS,3,US Investing,"The US stocks feature is new and shows promise. 7,000+ stocks is a good starting universe. But the research depth for US companies is significantly thinner than what I get for Indian stocks. Basic financials only.",Mixed
FB139,P6-US Market Investor,Pro,Android,2,US Investing,"Tried to fund my US investing account and the remittance process took 5 business days. The app said 2-3 days. When markets are moving, a 5-day fund transfer is way too slow. Need to fix remittance speed.",Negative
FB140,P6-US Market Investor,Pro,iOS,4,US Investing,Fractional shares with just $1 is an excellent entry point for Indian investors who want global diversification without committing large amounts. The concept and UX around fractional investing is well thought out.,Positive
FB141,P6-US Market Investor,Pro,Android,3,US Investing,"The US stock screener is much weaker than the Indian stock screener. Only about 20-30 filters vs 200+ for Indian stocks. For US-focused research, I still rely on Finviz. Please build out the US screener.",Negative
FB142,P6-US Market Investor,Pro,iOS,2,US Investing,I tried to withdraw funds from my US investing account. It's been 6 days and the money hasn't arrived. Customer support replied once saying they're investigating and then went silent. Completely unacceptable.,Negative
FB143,P6-US Market Investor,Pro,Android,4,US Investing,The GIFT City route for US investing gives me legal and tax compliance without the headache of LRS paperwork that other apps require. The KYC was fully digital and took 8 minutes. Very smooth.,Positive
FB144,P6-US Market Investor,Pro,iOS,3,US Investing,"ETF selection for US markets is decent but not great. Only about 200-300 ETFs vs the 2,500+ available on US exchanges. Missing some key thematic ETFs I wanted. Hope they expand the universe.",Mixed
FB145,P6-US Market Investor,Pro,Android,5,US Investing,"Investing in Apple, Google, and Nvidia from India in rupees with a familiar interface is something I've wanted for years. Tickertape makes it genuinely easy. The currency conversion is transparent and the costs are fair.",Positive
FB146,P6-US Market Investor,Pro,iOS,2,US Investing,The US portfolio P&L doesn't correctly account for currency fluctuation in a transparent way. My return is showing differently when I calculate manually. Need a clearer breakdown of stock returns vs INR/USD exchange impact.,Negative
FB147,P6-US Market Investor,Pro,Android,3,US Investing,"The US stock research pages don't show options data, short interest, or insider trading activity. For US stocks these are commonly tracked metrics and their absence limits my research capability.",Negative
FB148,P6-US Market Investor,Pro,iOS,4,US Investing,The ability to set price alerts on US stocks in INR terms is very useful. I don't have to constantly convert USD prices in my head. This India-specific UX thinking is appreciated.,Positive
FB149,P6-US Market Investor,Pro,Android,3,US Investing,"Tax reporting for US investments — FEMA compliance, reporting requirements — is unclear within the app. I'd love an in-app guide to the tax implications of US investing through GIFT City so I know what to declare.",Mixed
FB150,P6-US Market Investor,Pro,iOS,4,US Investing,"The discovery section highlighting US ETFs by theme — AI, clean energy, semiconductors — is helpful for Indian investors who don't know where to start with US markets. Good curation.",Positive
FB151,P6-US Market Investor,Pro,Android,2,US Investing,Order execution for US stocks during US market hours means I have to set orders at odd Indian timings. There's no pre-market order scheduling. I want to set limit orders that execute during the US session automatically.,Negative
FB152,P6-US Market Investor,Pro,iOS,3,US Investing,The US portfolio and Indian portfolio are separate views with separate analytics. I want a single consolidated portfolio view that shows my total equity exposure across Indian and US markets together.,Negative
FB153,P6-US Market Investor,Pro,Android,4,US Investing,I appreciate that the app shows the Nifty 50 vs S&P 500 correlation analysis. Understanding how my global diversification reduces portfolio risk in real numbers is educational and motivating.,Positive
FB154,P6-US Market Investor,Pro,iOS,2,Customer Support,Had a transaction discrepancy in my US investing account — a buy order was executed but the stock never appeared in my portfolio. Raised a ticket and got one automated response. Still unresolved after 8 days. This is a money issue and needs priority support.,Negative
FB155,P6-US Market Investor,Pro,Android,3,US Investing,The US stock screener doesn't include revenue growth or profit margin filters. These are basic fundamental filters that any investor would want. The Indian screener is far more advanced. US should be brought to parity.,Negative
FB156,P6-US Market Investor,Pro,iOS,4,US Investing,The 'Brands You Use Every Day' framing for US stocks is a great way to help Indian investors connect with US companies they know. It lowers the psychological barrier to global investing.,Positive
FB157,P6-US Market Investor,Pro,Android,3,US Investing,"Market hours and timezone confusion is a minor but real friction. The app doesn't clearly indicate whether a US stock price I'm seeing is real-time, delayed, or from the last US session close. A clear data-freshness indicator is needed.",Mixed
FB158,P7-FIRE Planner,Pro,Web,5,Portfolio Tracker,"Tickertape has become my annual review tool. I export my entire portfolio performance, check my XIRR vs Nifty 50, review my diversification score, and recalibrate allocations. It handles this structured review process beautifully.",Positive
FB159,P7-FIRE Planner,Pro,Android,3,Portfolio Tracker,"The goal-based investing tracker is a good concept but needs a retirement corpus calculator that accounts for inflation-adjusted withdrawal. Currently the goal tracker only shows corpus accumulation, not the distribution phase.",Mixed
FB160,P7-FIRE Planner,Pro,Web,4,MF Screener,"Being a passive investor, the index fund filtering on the MF screener is useful. I can compare tracking error, expense ratio, and AUM growth for Nifty 50 index funds across AMCs to pick the best one.",Positive
FB161,P7-FIRE Planner,Pro,Android,3,Portfolio Tracker,"The asset allocation tracker doesn't include real estate or EPF/PPF. For someone targeting financial independence, these form a large part of net worth. Tickertape only tracks financial assets.",Mixed
FB162,P7-FIRE Planner,Pro,Web,5,MF Screener,The long-term SIP performance simulation showing what monthly investments of various amounts grow to over 20-30 years — accounting for historical category returns — is my favorite planning feature.,Positive
FB163,P7-FIRE Planner,Pro,iOS,4,Portfolio Tracker,The comparison between my actual portfolio CAGR and a benchmark passive portfolio is very honest feedback. It showed me clearly that my mid-cap active bets have underperformed a simple index fund over 5 years.,Positive
FB164,P7-FIRE Planner,Pro,Web,3,Data Quality,"For long-term investors, having accurate corporate action history — every bonus, split, rights issue — is critical for correct CAGR calculations. Found 2 stocks where the corporate action data was missing, leading to wrong return figures.",Negative
FB165,P7-FIRE Planner,Pro,Android,4,Portfolio Tracker,The dividend income tracker is excellent for dividend growth investors. I can see my annual dividend income trend year over year. A projected dividend income based on current yield would make this feature even more powerful.,Positive
FB166,P7-FIRE Planner,Pro,Web,3,Pricing & Paywall,"The annual Pro subscription at ₹2,399 is fair value. But it should include multi-user access for family portfolios. I manage investments for myself, my spouse, and parents — four separate subscriptions is expensive.",Mixed
FB167,P7-FIRE Planner,Pro,iOS,4,MF Screener,Tickertape helped me consolidate my SIP research onto one platform and simplify my portfolio from 12 funds to 4. The overlap analysis and consistency metrics were key to making those decisions.,Positive
FB168,P1-Fundamental Analyst,Pro,Web,4,Data Quality,The shareholding pattern data sourced from quarterly filings is accurate and current. I rely on this to track management's skin in the game and institutional ownership trends.,Positive
FB169,P2-Beginner Investor,Free,Android,3,UI/UX,"When I open the app, the first thing I see is advertisements for smallcases and fixed deposits. I just want to see the market overview. The home screen feels too commercial.",Negative
FB170,P3-Active Trader,Pro,Android,3,Performance/Speed,"The app is slower than Kite or Upstox Pro. For research before or during trades, every second counts. The page load time and chart rendering needs to be much faster.",Negative
FB171,P4-MF/SIP Investor,Free,Android,4,MF Screener,"The comparison of a lump sum vs SIP investment outcome for any fund is a feature I use regularly to decide how to deploy money. Clear, intuitive, and very practical.",Positive
FB172,P5-Portfolio Tracker,Pro,iOS,3,Broker Integration,The broker link authentication expires randomly and I have to re-link periodically. An auto-renewal or background refresh without manual re-authentication would significantly improve the experience.,Negative
FB173,P1-Fundamental Analyst,Pro,Web,5,Stock Screener,"I built a 'Quality at a Reasonable Price' screener combining high ROE, low debt, consistent earnings growth, and reasonable PE. Finding 15 quality stocks to deep-dive is now a 15-minute exercise instead of hours.",Positive
FB174,P2-Beginner Investor,Free,Android,4,Alerts & Notifications,The price alert setup is very easy — just long press on a stock and set the target. Simple and intuitive. Got my first alert notification within minutes of the stock hitting my price. Great feature.,Positive
FB175,P4-MF/SIP Investor,Pro,Android,3,Performance/Speed,"The portfolio page with many MF holdings loads slowly, especially on 4G. Need better optimization and offline-first caching for previously loaded portfolio data.",Negative
FB176,P6-US Market Investor,Pro,iOS,4,US Investing,"The real-time US market indices — S&P 500, Nasdaq, Dow — on the home page give me a quick pulse check before the Indian markets open. Good contextual addition.",Positive
FB177,P3-Active Trader,Free,Web,3,Stock Screener,The screener is great for identifying candidates but I can't annotate or add personal notes to screener results. If I could tag stocks with my own comments like 'watch for Q3 results' it would be a much better research workflow.,Mixed
FB178,P7-FIRE Planner,Pro,Web,4,Portfolio Tracker,"Annual portfolio review in January is something I now do entirely on Tickertape. The data export, P&L summary, and sector allocation breakdown give me everything I need for a systematic review.",Positive
FB179,P2-Beginner Investor,Free,iOS,2,Customer Support,"The in-app support only links to an FAQ page. There is no chat or phone option. For a first-time investor confused about a feature, this is very unhelpful. Need to add at least a live chat option.",Negative
FB180,P5-Portfolio Tracker,Pro,Android,4,Portfolio Tracker,The sectoral concentration alert — notifying when a single sector crosses 40% of portfolio — is a helpful guardrail for investors who tend to chase hot sectors.,Positive
FB181,P1-Fundamental Analyst,Pro,Web,3,Data Quality,"International revenue exposure data for Indian companies is missing. For a company like Infosys or Sun Pharma where >50% revenue is international, this geographic breakdown should be visible. Important for currency risk assessment.",Negative
FB182,P4-MF/SIP Investor,Free,iOS,4,UI/UX,"The mutual fund category education section explaining what large-cap, flexi-cap, and hybrid funds are — with examples — is excellent content for people new to MF investing.",Positive
FB183,P3-Active Trader,Pro,Android,3,Alerts & Notifications,Stock screener result alerts — notifying me when a stock enters or exits my custom screen — would be a game-changing feature. Currently I have to manually re-run screens to see new entries.,Mixed
FB184,P2-Beginner Investor,Free,Android,4,Market Data & MMI,"The market indices dashboard with NIFTY, NIFTY Bank, SENSEX, and sector indices in one scrollable view is very convenient. Clean presentation of what's happening in the market at a glance.",Positive
FB185,P5-Portfolio Tracker,Pro,Web,3,Portfolio Tracker,"I wish the portfolio could track physical gold and PPF contributions alongside financial assets. For a complete net worth picture, these fixed-income and commodity holdings matter.",Mixed
FB186,P6-US Market Investor,Pro,iOS,3,US Investing,"The news feed for US stocks is decent but skewed toward mainstream tech names. For less-covered US stocks, the news section is often empty. Integration with Seeking Alpha or Benzinga would help.",Mixed
FB187,P1-Fundamental Analyst,Pro,Web,4,Stock Screener,"The management quality screening proxies — low capital misallocation, consistent dividend growth, no related-party transactions flagged — are thoughtful additions for fundamentals-focused investors.",Positive
FB188,P7-FIRE Planner,Pro,iOS,3,Pricing & Paywall,Would appreciate a family plan pricing tier. Managing financial portfolios for multiple family members on separate Pro accounts is unnecessarily expensive. Even a 2-user plan at 1.5x would be worth it.,Mixed
FB189,P2-Beginner Investor,Free,Android,3,Onboarding,"The onboarding asks me about my investment goals upfront but then doesn't use those answers to personalize the experience. If I said I'm a beginner interested in MFs, the app should highlight MF features more prominently.",Negative
FB190,P3-Active Trader,Pro,Web,4,Stock Screener,"The derivative statistics section — OI data, PCR, put/call spreads — is a useful addition for traders who use F&O as market signals even if they don't directly trade derivatives.",Positive
FB191,P5-Portfolio Tracker,Pro,Android,2,Broker Integration,"Every single time I update the Tickertape app, my broker link breaks and I need to re-authenticate all three accounts. This regression-per-update pattern is exhausting and needs to be fixed architecturally.",Negative
FB192,P4-MF/SIP Investor,Pro,iOS,5,MF Screener,I used Tickertape's 10-year category-average return data to build my asset allocation strategy. The historical return and drawdown data per mutual fund category was the single most useful reference I found anywhere.,Positive
FB193,P1-Fundamental Analyst,Pro,Web,3,Data Quality,The option to download 10 years of quarterly financials in a structured Excel format would be very useful for building DCF models. Right now the export only covers annual data and limited periods.,Mixed
FB194,P2-Beginner Investor,Free,iOS,5,UI/UX,"Tickertape is the only finance app I've recommended to my non-finance friends. The language is simple, the visuals are clear, and it doesn't make you feel stupid for not knowing financial jargon.",Positive
FB195,P6-US Market Investor,Pro,Android,2,US Investing,"The currency risk warning when I invest in US stocks is a legal disclaimer, not an actual analytical tool. I'd love to see historical INR/USD returns incorporated into US stock return analysis.",Negative
FB196,P5-Portfolio Tracker,Pro,Web,4,Portfolio Tracker,"The staggered SIP tracking showing each tranche, its NAV at purchase, current NAV, and individual tranche return is beautifully detailed. Helps me understand which months I got good entry prices.",Positive
FB197,P3-Active Trader,Pro,iOS,3,Market Data & MMI,A sectoral MMI would be very useful. The overall market sentiment can be in Greed while specific sectors are in Fear. That divergence is exactly where trading opportunities lie.,Mixed
FB198,P4-MF/SIP Investor,Free,Android,4,UI/UX,The fund comparison feature allowing side-by-side metric comparison of 2 mutual funds is well-designed. The returns across rolling periods side-by-side makes the choice immediately clear.,Positive
FB199,P7-FIRE Planner,Pro,Web,4,Stock Screener,"I use the low-churn, low-volatility screener to find stocks suitable for a long-term buy-and-hold FIRE portfolio. The combination of business stability metrics available in the screener is excellent.",Positive
FB200,P1-Fundamental Analyst,Free,Web,2,Pricing & Paywall,The 60+ custom filter promise in Pro is slightly misleading. Some 'advanced' filters are actually just basic ratios with a different name. The marginal value of going from free to Pro is less than the marketing suggests.,Negative
